{
  "project_info": {
    "project_number": "381704476101",
    "project_id": "fir-crud-app-15098",
    "storage_bucket": "fir-crud-app-15098.appspot.com"
  },
  "client": [
    {
      "client_info": {
        "mobilesdk_app_id": "1:381704476101:android:e7113f2c4255c5535927ac",
        "android_client_info": {
          "package_name": "com.example.smartlock"
        }
      },
      "oauth_client": [
        {
          "client_id": "381704476101-t6lh7p71uq1rf1pjljmp32l3el00rate.apps.googleusercontent.com",
          "client_type": 3
        }
      ],
      "api_key": [
        {
          "current_key": "AIzaSyBq53qqWkCVpKv5uI8oBt8FusxRCnslDDQ"
        }
      ],
      "services": {
        "appinvite_service": {
          "other_platform_oauth_client": [
            {
              "client_id": "381704476101-t6lh7p71uq1rf1pjljmp32l3el00rate.apps.googleusercontent.com",
              "client_type": 3
            }
          ]
        }
      }
    }
  ],
  "configuration_version": "1"
}